,month,total_sales
0,8,673295.6799999988
1,1,668041.4499999993
2,10,657335.8399999982
3,5,650321.429999999
4,7,645741.6999999988
5,3,645462.9999999998
6,6,635578.9899999995
7,12,635329.0899999982
8,9,633993.6199999992
9,11,630757.0799999988
10,4,630022.7699999986
11,2,616452.9899999994
