,month,total_sales
0,8,673295.6799999987
1,1,668041.4499999991
2,10,657335.8399999981
3,5,650321.4299999994
4,7,645741.699999999
5,3,645462.9999999993
6,6,635578.9899999991
7,12,635329.0899999985
8,9,633993.619999999
9,11,630757.0799999984
10,4,630022.7699999989
11,2,616452.9899999991
