,month,total_sales
0,8,673295.6799999981
1,1,668041.4499999986
2,10,657335.839999998
3,5,650321.4299999989
4,7,645741.6999999994
5,3,645462.999999999
6,6,635578.9899999998
7,12,635329.0899999989
8,9,633993.619999999
9,11,630757.0799999983
10,4,630022.7699999985
11,2,616452.9899999993
