,month,total_sales
0,8,673295.6799999985
1,1,668041.4499999988
2,10,657335.8399999982
3,5,650321.4299999982
4,7,645741.6999999991
5,3,645462.9999999987
6,6,635578.9899999986
7,12,635329.0899999986
8,9,633993.619999999
9,11,630757.0799999989
10,4,630022.7699999997
11,2,616452.9899999984
