,store_type,total_sales,number_of_sales
0,Local,3440896.519999816,53894
1,Web Portal,1726547.0499999542,26957
2,Super Store,1224293.6499999827,18779
3,Mall Kiosk,698791.6099999971,10762
4,Outlet,631804.8099999994,9731
