,month,total_sales
0,8,673295.6799999983
1,1,668041.4499999988
2,10,657335.8399999992
3,5,650321.4299999992
4,7,645741.6999999993
5,3,645462.9999999991
6,6,635578.9899999992
7,12,635329.0899999992
8,9,633993.619999999
9,11,630757.0799999987
10,4,630022.7699999989
11,2,616452.9899999993
